filename,width,height,class,xmin,ymin,xmax,ymax
IMG_20190825_103909.jpg,2736,3648,ลูกสูบดิสเบรค,734,1120,1722,2292
IMG_20190825_103931.jpg,2736,3648,ลูกสูบดิสเบรค,1122,1216,1866,2064
IMG_20190825_103939.jpg,2736,3648,ลูกสูบดิสเบรค,938,1200,1886,2196
IMG_20190825_103959.jpg,2736,3648,ลูกสูบดิสเบรค,658,1004,1878,2248
IMG_20190825_104020.jpg,2736,3648,ลูกสูบดิสเบรค,570,1488,1598,2324
IMG_20190825_104034.jpg,2736,3648,ลูกสูบดิสเบรค,914,768,1866,1736
IMG_20190825_104044.jpg,2736,3648,ลูกสูบดิสเบรค,946,1500,1774,2316
IMG_20190825_104054.jpg,2736,3648,ลูกสูบดิสเบรค,414,1300,1370,2268
IMG_20190825_104100.jpg,2736,3648,ลูกสูบดิสเบรค,566,2024,1918,3056
IMG_20190825_104144.jpg,2736,3648,ลูกสูบดิสเบรค,1062,744,1946,1760
IMG_20190825_104149.jpg,2736,3648,ลูกสูบดิสเบรค,386,1420,1642,2496
IMG_20190825_104200.jpg,2736,3648,ลูกสูบดิสเบรค,918,832,1746,1732
IMG_20190825_104217.jpg,3648,2736,ลูกสูบดิสเบรค,875,423,2119,1697
IMG_20190825_104221.jpg,3648,2736,ลูกสูบดิสเบรค,1934,1047,3198,2344
IMG_20190825_104224.jpg,3648,2736,ลูกสูบดิสเบรค,1360,1105,2290,2188
IMG_20190825_104248.jpg,3648,2736,ลูกสูบดิสเบรค,1225,747,2325,1741
IMG_20190825_104253.jpg,3648,2736,ลูกสูบดิสเบรค,1778,1079,2663,1970
IMG_20190825_104300.jpg,3648,2736,ลูกสูบดิสเบรค,1163,682,2513,1979
IMG_20190825_104307.jpg,3648,2736,ลูกสูบดิสเบรค,1619,1111,2619,2135
IMG_20190825_104314.jpg,2736,3648,ลูกสูบดิสเบรค,898,1040,2102,2212
IMG_20190825_104613.jpg,2736,3648,ลูกสูบดิสเบรค,270,1192,1550,2376
IMG_20190825_104615.jpg,2736,3648,ลูกสูบดิสเบรค,562,1196,1794,2368
IMG_20190825_104619.jpg,2736,3648,ลูกสูบดิสเบรค,298,1552,1530,2784
IMG_20190825_104628.jpg,2736,3648,ลูกสูบดิสเบรค,494,776,1754,2036
IMG_20190825_104644.jpg,2736,3648,ลูกสูบดิสเบรค,554,884,1734,2064
IMG_20190825_104648.jpg,2736,3648,ลูกสูบดิสเบรค,690,1188,1658,2156
IMG_20190825_104651.jpg,2736,3648,ลูกสูบดิสเบรค,1018,1380,1926,2288
IMG_20190825_104653.jpg,2736,3648,ลูกสูบดิสเบรค,962,1512,1722,2272
IMG_20190825_104658.jpg,3648,2736,ลูกสูบดิสเบรค,1551,638,2698,1785
IMG_20190825_104707.jpg,2736,3648,ลูกสูบดิสเบรค,766,1404,1742,2380
IMG_20190825_104714.jpg,3648,2736,ลูกสูบดิสเบรค,1319,697,2337,1715
IMG_20190825_104718.jpg,3648,2736,ลูกสูบดิสเบรค,1690,888,2581,1779
IMG_20190825_104723.jpg,3648,2736,ลูกสูบดิสเบรค,1784,602,2816,1634
IMG_20190825_104735.jpg,3648,2736,ลูกสูบดิสเบรค,1378,782,2525,1929
IMG_20190825_104738.jpg,3648,2736,ลูกสูบดิสเบรค,1325,364,2381,1420
IMG_20190825_104742.jpg,3648,2736,ลูกสูบดิสเบรค,1448,514,2457,1523
IMG_20190825_104751.jpg,2736,3648,ลูกสูบดิสเบรค,822,1464,1742,2384
IMG_20190825_104754.jpg,2736,3648,ลูกสูบดิสเบรค,1106,1620,1818,2332
IMG_20190825_104758.jpg,2736,3648,ลูกสูบดิสเบรค,590,1660,1558,2628
IMG_20190825_104801.jpg,2736,3648,ลูกสูบดิสเบรค,958,1364,1882,2288
IMG_20190825_105046.jpg,2736,3648,ลูกสูบดิสเบรค,562,1596,1478,2512
IMG_20190825_105051.jpg,2736,3648,ลูกสูบดิสเบรค,654,1728,1574,2648
IMG_20190825_105129.jpg,2736,3648,ลูกสูบดิสเบรค,906,960,1690,1744
IMG_20190825_105137.jpg,2736,3648,ลูกสูบดิสเบรค,834,1284,1862,2312
IMG_20190825_105205.jpg,2736,3648,ลูกสูบดิสเบรค,898,1524,1758,2384
IMG_20190825_105215.jpg,2736,3648,ลูกสูบดิสเบรค,1138,1572,1806,2240
IMG_20190825_105223.jpg,2736,3648,ลูกสูบดิสเบรค,738,1712,1514,2488
IMG_20190825_105309.jpg,2736,3648,ลูกสูบดิสเบรค,894,1200,1846,2152
IMG_20190825_105318.jpg,2736,3648,ลูกสูบดิสเบรค,246,980,1234,1968
IMG_20190825_105348.jpg,2736,3648,ลูกสูบดิสเบรค,494,2084,1470,3060
IMG_20190825_105419.jpg,2736,3648,ลูกสูบดิสเบรค,894,1084,1906,2096
IMG_20190825_105447.jpg,2736,3648,ลูกสูบดิสเบรค,746,1160,1642,2056
IMG_20190825_105452.jpg,2736,3648,ลูกสูบดิสเบรค,914,1424,1794,2304
IMG_20190825_105457.jpg,3648,2736,ลูกสูบดิสเบรค,1404,955,2375,1926
IMG_20190825_105503.jpg,3648,2736,ลูกสูบดิสเบรค,1407,988,2245,1826
IMG_20190825_105507.jpg,3648,2736,ลูกสูบดิสเบรค,1425,820,2304,1699
IMG_20190825_105510.jpg,3648,2736,ลูกสูบดิสเบรค,1184,761,2370,1947
IMG_20190825_105515.jpg,2736,3648,ลูกสูบดิสเบรค,1018,1652,2170,2804
IMG_20190825_105525.jpg,2736,3648,ลูกสูบดิสเบรค,986,1808,1590,2412
IMG_20190825_105530.jpg,3648,2736,ลูกสูบดิสเบรค,1272,764,2095,1587
IMG_20190825_105558.jpg,3648,2736,ลูกสูบดิสเบรค,1269,864,2137,1732
IMG_20190825_105618.jpg,3648,2736,ลูกสูบดิสเบรค,813,773,2154,2114
IMG_20190825_105622.jpg,3648,2736,ลูกสูบดิสเบรค,907,1026,2189,2308
IMG_20190825_105640.jpg,2736,3648,ลูกสูบดิสเบรค,602,1360,1658,2416
IMG_20190825_105646.jpg,2736,3648,ลูกสูบดิสเบรค,1118,1364,2078,2324
IMG_20190825_105650.jpg,2736,3648,ลูกสูบดิสเบรค,978,1332,1922,2276
IMG_20190825_105700.jpg,2736,3648,ลูกสูบดิสเบรค,646,1896,1898,3148
IMG_20190825_105714.jpg,2736,3648,ลูกสูบดิสเบรค,1046,1336,2154,2444
IMG_20190825_105726.jpg,2736,3648,ลูกสูบดิสเบรค,1006,1184,2490,2668
IMG_20190825_105745.jpg,3648,2736,ลูกสูบดิสเบรค,1434,635,2431,1632
IMG_20190825_111745.jpg,2736,3648,ท่อยางน้ำมันเลี้ยงเทอร์โบ,362,1440,2018,3096
IMG_20190825_111748.jpg,3648,2736,ท่อยางน้ำมันเลี้ยงเทอร์โบ,792,4,2743,1955
IMG_20190825_111751.jpg,3648,2736,ท่อยางน้ำมันเลี้ยงเทอร์โบ,816,670,2569,2423
IMG_20190825_111753.jpg,3648,2736,ท่อยางน้ำมันเลี้ยงเทอร์โบ,478,285,2128,1935
IMG_20190825_111759.jpg,2736,3648,ท่อยางน้ำมันเลี้ยงเทอร์โบ,638,504,2736,2602
IMG_20190825_111801.jpg,3648,2736,ท่อยางน้ำมันเลี้ยงเทอร์โบ,398,361,2445,2408
IMG_20190825_111804.jpg,3648,2736,ท่อยางน้ำมันเลี้ยงเทอร์โบ,472,461,2919,2388
IMG_20190825_111805.jpg,3648,2736,ท่อยางน้ำมันเลี้ยงเทอร์โบ,19,91,2019,1985
IMG_20190825_111810.jpg,3648,2736,ท่อยางน้ำมันเลี้ยงเทอร์โบ,984,188,2375,2129
IMG_20190825_111811.jpg,3648,2736,ท่อยางน้ำมันเลี้ยงเทอร์โบ,113,176,2310,1552
IMG_20190825_111813.jpg,3648,2736,ท่อยางน้ำมันเลี้ยงเทอร์โบ,1,23,1966,1355
IMG_20190825_111813_1.jpg,3648,2736,ท่อยางน้ำมันเลี้ยงเทอร์โบ,695,520,2684,1697
IMG_20190825_111815.jpg,3648,2736,ท่อยางน้ำมันเลี้ยงเทอร์โบ,766,679,2322,1914
IMG_20190825_111822.jpg,3648,2736,ท่อยางน้ำมันเลี้ยงเทอร์โบ,422,682,2231,1597
IMG_20190825_111823.jpg,3648,2736,ท่อยางน้ำมันเลี้ยงเทอร์โบ,934,191,2390,1820
IMG_20190825_111825.jpg,3648,2736,ท่อยางน้ำมันเลี้ยงเทอร์โบ,1031,264,2007,2108
IMG_20190825_111829.jpg,3648,2736,ท่อยางน้ำมันเลี้ยงเทอร์โบ,1037,223,3001,1341
IMG_20190825_111841.jpg,2736,3648,ท่อยางน้ำมันเลี้ยงเทอร์โบ,14,840,2530,3096
IMG_20190825_111843.jpg,2736,3648,ท่อยางน้ำมันเลี้ยงเทอร์โบ,86,1204,2278,2756
IMG_20190825_111845.jpg,2736,3648,ท่อยางน้ำมันเลี้ยงเทอร์โบ,6,1108,1878,3280
IMG_20190825_111858.jpg,3648,2736,ท่อยางน้ำมันเลี้ยงเทอร์โบ,681,376,2398,2067
IMG_20190825_111900.jpg,3648,2736,ท่อยางน้ำมันเลี้ยงเทอร์โบ,710,499,2084,2094
IMG_20190825_111903.jpg,3648,2736,ท่อยางน้ำมันเลี้ยงเทอร์โบ,595,388,2007,2108
IMG_20190825_111915.jpg,3648,2736,ท่อยางน้ำมันเลี้ยงเทอร์โบ,719,435,2219,1888
IMG_20190825_111917.jpg,3648,2736,ท่อยางน้ำมันเลี้ยงเทอร์โบ,642,276,2375,1708
IMG_20190825_111920.jpg,3648,2736,ท่อยางน้ำมันเลี้ยงเทอร์โบ,892,91,2363,1635
IMG_20190825_111942.jpg,3648,2736,ท่อยางน้ำมันเลี้ยงเทอร์โบ,969,697,2610,2020
IMG_20190825_111944.jpg,3648,2736,ท่อยางน้ำมันเลี้ยงเทอร์โบ,910,111,2666,1644
IMG_20190825_111946.jpg,3648,2736,ท่อยางน้ำมันเลี้ยงเทอร์โบ,966,597,2966,1497
IMG_20190825_111947.jpg,3648,2736,ท่อยางน้ำมันเลี้ยงเทอร์โบ,1190,61,2622,1476
IMG_20190825_111948.jpg,3648,2736,ท่อยางน้ำมันเลี้ยงเทอร์โบ,1316,905,2869,2111
IMG_20190825_111955.jpg,3648,2736,ท่อยางน้ำมันเลี้ยงเทอร์โบ,1213,623,2413,2329
IMG_20190825_111956.jpg,3648,2736,ท่อยางน้ำมันเลี้ยงเทอร์โบ,1292,208,2342,2364
IMG_20190825_111957.jpg,3648,2736,ท่อยางน้ำมันเลี้ยงเทอร์โบ,1281,282,2213,2367
IMG_20190825_111959.jpg,3648,2736,ท่อยางน้ำมันเลี้ยงเทอร์โบ,992,211,2740,1920
IMG_20190825_112001.jpg,3648,2736,ท่อยางน้ำมันเลี้ยงเทอร์โบ,922,694,3028,1773
IMG_20190825_112002.jpg,3648,2736,ท่อยางน้ำมันเลี้ยงเทอร์โบ,354,1,2481,891
IMG_20190825_112003.jpg,3648,2736,ท่อยางน้ำมันเลี้ยงเทอร์โบ,1025,1535,3469,2711
IMG_20190825_112003_1.jpg,3648,2736,ท่อยางน้ำมันเลี้ยงเทอร์โบ,660,926,3063,1997
IMG_20190825_112010.jpg,2736,3648,ท่อยางน้ำมันเลี้ยงเทอร์โบ,154,1312,2736,2525
IMG_20190825_112010_1.jpg,2736,3648,ท่อยางน้ำมันเลี้ยงเทอร์โบ,70,1432,2074,2552
IMG_20190825_112011.jpg,2736,3648,ท่อยางน้ำมันเลี้ยงเทอร์โบ,434,1492,2398,2652
IMG_20190825_112012.jpg,2736,3648,ท่อยางน้ำมันเลี้ยงเทอร์โบ,818,1612,2298,3012
IMG_20190825_112030.jpg,3648,2736,ท่อยางน้ำมันเลี้ยงเทอร์โบ,403,1,2060,1529
IMG_20190825_112031.jpg,3648,2736,ท่อยางน้ำมันเลี้ยงเทอร์โบ,466,558,2151,1902
IMG_20190825_112032.jpg,3648,2736,ท่อยางน้ำมันเลี้ยงเทอร์โบ,719,1085,2492,2267
IMG_20190825_112033.jpg,3648,2736,ท่อยางน้ำมันเลี้ยงเทอร์โบ,566,682,2295,1705
IMG_20190825_112039.jpg,3648,2736,ท่อยางน้ำมันเลี้ยงเทอร์โบ,1034,602,2863,1488
IMG_20190825_112039_1.jpg,3648,2736,ท่อยางน้ำมันเลี้ยงเทอร์โบ,963,635,2854,1588
IMG_20190825_112040.jpg,3648,2736,ท่อยางน้ำมันเลี้ยงเทอร์โบ,931,920,2707,1655
IMG_20190825_112042.jpg,3648,2736,ท่อยางน้ำมันเลี้ยงเทอร์โบ,292,1238,2804,2064
IMG_20190825_112042_1.jpg,3648,2736,ท่อยางน้ำมันเลี้ยงเทอร์โบ,213,549,2395,1473
IMG_20190825_112051.jpg,2736,3648,ท่อยางน้ำมันเลี้ยงเทอร์โบ,862,352,2106,1792
IMG_20190825_112052.jpg,2736,3648,ท่อยางน้ำมันเลี้ยงเทอร์โบ,766,676,2098,2208
IMG_20190825_112053.jpg,2736,3648,ท่อยางน้ำมันเลี้ยงเทอร์โบ,1142,368,2446,2080
IMG_20190825_112055.jpg,3648,2736,ท่อยางน้ำมันเลี้ยงเทอร์โบ,1172,299,2245,1685
IMG_20190825_112101.jpg,2736,3648,ท่อยางน้ำมันเลี้ยงเทอร์โบ,1182,820,2202,3036
IMG_20190825_112102.jpg,3648,2736,ท่อยางน้ำมันเลี้ยงเทอร์โบ,734,73,3142,1079
IMG_20190825_112106.jpg,3648,2736,ท่อยางน้ำมันเลี้ยงเทอร์โบ,792,385,2884,1811
IMG_20190825_112108.jpg,3648,2736,ท่อยางน้ำมันเลี้ยงเทอร์โบ,1122,229,3648,1989
IMG_20190825_112109.jpg,3648,2736,ท่อยางน้ำมันเลี้ยงเทอร์โบ,19,26,2222,1594
IMG_20190825_112147.jpg,3648,2736,ท่อยางน้ำมันเลี้ยงเทอร์โบ,863,679,2287,2094
IMG_20190825_112149.jpg,3648,2736,ท่อยางน้ำมันเลี้ยงเทอร์โบ,669,138,1748,1861
IMG_20190825_112150.jpg,3648,2736,ท่อยางน้ำมันเลี้ยงเทอร์โบ,798,1005,2066,2549
IMG_20190825_112151.jpg,3648,2736,ท่อยางน้ำมันเลี้ยงเทอร์โบ,1419,608,2731,2058
IMG_20190825_112159.jpg,3648,2736,ท่อยางน้ำมันเลี้ยงเทอร์โบ,672,1,2608,1882
IMG_20190825_112200.jpg,2736,3648,ท่อยางน้ำมันเลี้ยงเทอร์โบ,322,1452,2438,2620
IMG_20190825_112201.jpg,2736,3648,ท่อยางน้ำมันเลี้ยงเทอร์โบ,438,1668,2734,3016
IMG_20190825_112202.jpg,3648,2736,ท่อยางน้ำมันเลี้ยงเทอร์โบ,557,135,1895,2182
IMG_20190825_112206.jpg,3648,2736,ท่อยางน้ำมันเลี้ยงเทอร์โบ,737,408,2575,1782
IMG_20190825_112751.jpg,2736,3648,แหวนลูกสูบ,318,1108,2262,2436
IMG_20190825_112753.jpg,2736,3648,แหวนลูกสูบ,478,1192,2454,2884
IMG_20190825_112755.jpg,2736,3648,แหวนลูกสูบ,338,1312,2234,2944
IMG_20190825_112822.jpg,2736,3648,แหวนลูกสูบ,198,812,2258,2392
IMG_20190825_112825.jpg,2736,3648,แหวนลูกสูบ,654,1560,2418,3268
IMG_20190825_112833.jpg,2736,3648,แหวนลูกสูบ,218,1072,2050,2752
IMG_20190825_112833_1.jpg,2736,3648,แหวนลูกสูบ,234,1136,2126,2668
IMG_20190825_112834.jpg,2736,3648,แหวนลูกสูบ,622,1540,2438,3160
IMG_20190825_112836.jpg,2736,3648,แหวนลูกสูบ,894,1772,2670,3576
IMG_20190825_112846.jpg,2736,3648,แหวนลูกสูบ,50,368,1914,2112
IMG_20190825_112847.jpg,2736,3648,แหวนลูกสูบ,322,808,2406,2692
IMG_20190825_112848.jpg,2736,3648,แหวนลูกสูบ,342,1700,1866,3120
IMG_20190825_112850.jpg,2736,3648,แหวนลูกสูบ,718,1224,2194,3000
IMG_20190825_112908.jpg,2736,3648,แหวนลูกสูบ,1,1433,1778,3184
IMG_20190825_112909.jpg,2736,3648,แหวนลูกสูบ,234,1404,2118,3232
IMG_20190825_112918.jpg,2736,3648,แหวนลูกสูบ,594,1428,2246,2980
IMG_20190825_112919.jpg,2736,3648,แหวนลูกสูบ,894,1400,2354,3228
IMG_20190825_112920.jpg,2736,3648,แหวนลูกสูบ,858,1404,2250,3008
IMG_20190825_112923.jpg,3648,2736,แหวนลูกสูบ,1301,194,3090,1488
IMG_20190825_112927.jpg,3648,2736,แหวนลูกสูบ,1178,564,3113,1944
IMG_20190825_112950.jpg,2736,3648,แหวนลูกสูบ,294,996,1862,2508
IMG_20190825_112951.jpg,2736,3648,แหวนลูกสูบ,474,916,1830,2396
IMG_20190825_112953.jpg,2736,3648,แหวนลูกสูบ,446,832,1846,2476
IMG_20190825_112955.jpg,2736,3648,แหวนลูกสูบ,406,728,1938,2432
IMG_20190825_113004.jpg,2736,3648,แหวนลูกสูบ,262,1188,2074,2060
IMG_20190825_113005.jpg,2736,3648,แหวนลูกสูบ,1018,1620,2450,2792
IMG_20190825_113006.jpg,2736,3648,แหวนลูกสูบ,678,1208,2342,2628
IMG_20190825_113008.jpg,2736,3648,แหวนลูกสูบ,1202,1412,2626,2564
IMG_20190825_113011.jpg,2736,3648,แหวนลูกสูบ,418,1848,2082,3148
IMG_20190825_113033.jpg,2736,3648,แหวนลูกสูบ,238,1084,2006,2984
IMG_20190825_113041.jpg,2736,3648,แหวนลูกสูบ,366,1312,2390,2536
IMG_20190825_113047.jpg,2736,3648,แหวนลูกสูบ,886,1820,2366,2892
IMG_20190825_113102.jpg,3648,2736,แหวนลูกสูบ,1022,155,2534,1694
IMG_20190825_113103.jpg,3648,2736,แหวนลูกสูบ,698,794,2390,2294
IMG_20190825_113104.jpg,2736,3648,แหวนลูกสูบ,926,1344,2638,2932
IMG_20190825_113118.jpg,2736,3648,แหวนลูกสูบ,686,1544,2246,3124
IMG_20190825_113123.jpg,2736,3648,แหวนลูกสูบ,542,1536,2198,3008
IMG_20190825_113139.jpg,2736,3648,แหวนลูกสูบ,314,1224,1866,2944
IMG_20190825_113141.jpg,2736,3648,แหวนลูกสูบ,1222,1468,2434,2976
IMG_20190825_113143.jpg,2736,3648,แหวนลูกสูบ,138,1196,1938,2900
IMG_20190825_113200.jpg,2736,3648,แหวนลูกสูบ,330,1292,2102,2752
IMG_20190825_113203.jpg,3648,2736,แหวนลูกสูบ,1013,458,2398,1723
IMG_20190825_113211.jpg,3648,2736,แหวนลูกสูบ,1131,591,2425,2052
IMG_20190825_113212.jpg,3648,2736,แหวนลูกสูบ,81,729,1431,1914
IMG_20190825_113213.jpg,3648,2736,แหวนลูกสูบ,995,705,2354,2117
IMG_20190825_113214.jpg,3648,2736,แหวนลูกสูบ,598,255,1884,1376
IMG_20190825_113216.jpg,3648,2736,แหวนลูกสูบ,1122,423,2451,1685
IMG_20190825_113225.jpg,3648,2736,แหวนลูกสูบ,1125,185,2522,1729
IMG_20190825_113226.jpg,3648,2736,แหวนลูกสูบ,528,841,1995,2079
IMG_20190825_113227.jpg,3648,2736,แหวนลูกสูบ,1369,673,2719,1926
IMG_20190825_113228.jpg,3648,2736,แหวนลูกสูบ,1740,891,3004,2117
IMG_20190825_113234.jpg,2736,3648,แหวนลูกสูบ,454,1284,1958,2688
IMG_20190825_113235.jpg,2736,3648,แหวนลูกสูบ,594,1500,1914,2512
IMG_20190825_113307.jpg,2736,3648,แหวนลูกสูบ,674,1636,2066,2920
IMG_20190825_113308.jpg,3648,2736,แหวนลูกสูบ,666,773,1895,1947
IMG_20190825_113310.jpg,3648,2736,แหวนลูกสูบ,445,826,1678,1867
IMG_20190825_113344.jpg,2736,3648,แหวนลูกสูบ,306,1556,1794,3104
IMG_20190825_113345.jpg,2736,3648,แหวนลูกสูบ,814,2572,2094,3648
IMG_20190825_113425.jpg,2736,3648,แหวนลูกสูบ,678,1612,1922,2772
IMG_20190825_113427.jpg,2736,3648,แหวนลูกสูบ,698,1772,2046,2984
IMG_20190825_113428.jpg,2736,3648,แหวนลูกสูบ,830,1620,2178,2944
IMG_20190825_113438.jpg,3648,2736,แหวนลูกสูบ,798,635,2031,1861
IMG_20190825_113439.jpg,3648,2736,แหวนลูกสูบ,842,1164,2110,2429
IMG_20190825_113448.jpg,3648,2736,แหวนลูกสูบ,940,826,2290,2232
IMG_20190825_113449.jpg,2736,3648,แหวนลูกสูบ,214,1508,1362,2820
IMG_20190825_113450.jpg,3648,2736,แหวนลูกสูบ,925,967,2487,2335
IMG_20190825_113451.jpg,3648,2736,แหวนลูกสูบ,1466,491,2760,1576
IMG_20190825_113501.jpg,2736,3648,แหวนลูกสูบ,538,2180,1838,3256
IMG_20190825_113502.jpg,2736,3648,แหวนลูกสูบ,1086,1720,2114,2672
IMG_20190825_113511.jpg,3648,2736,แหวนลูกสูบ,542,288,1828,1699
IMG_20190928_131024.jpg,3648,2736,สายตูดได,145,549,3339,2549
IMG_20190928_131025.jpg,3648,2736,สายตูดได,145,526,3309,2526
IMG_20190928_131033.jpg,3648,2736,สายตูดได,1345,61,2770,2736
IMG_20190928_131039.jpg,3648,2736,สายตูดได,733,461,3386,2185
IMG_20190928_131045.jpg,3648,2736,สายตูดได,533,485,3480,2261
IMG_20190928_131046.jpg,3648,2736,สายตูดได,656,232,3074,2638
IMG_20190928_131047.jpg,3648,2736,สายตูดได,656,132,3280,2455
IMG_20190928_131051.jpg,3648,2736,สายตูดได,186,702,3603,1891
IMG_20190928_131056.jpg,3648,2736,สายตูดได,1456,2,2532,2735
IMG_20190928_131100.jpg,3648,2736,สายตูดได,1115,291,3398,2255
IMG_20190928_131129.jpg,2736,3648,สายตูดได,585,145,2314,3409
IMG_20190928_131130.jpg,2736,3648,สายตูดได,671,145,2385,3338
IMG_20190928_131131.jpg,2736,3648,สายตูดได,792,124,2100,3417
IMG_20190928_131132.jpg,2736,3648,สายตูดได,985,145,1821,3524
IMG_20190928_131133.jpg,2736,3648,สายตูดได,185,438,2321,2995
IMG_20190928_131137.jpg,2736,3648,สายตูดได,42,1124,2736,2571
IMG_20190928_131141.jpg,2736,3648,สายตูดได,85,1631,2736,2192
IMG_20190928_131144.jpg,2736,3648,สายตูดได,892,338,2278,2981
IMG_20190928_131146.jpg,2736,3648,สายตูดได,478,424,2642,2688
IMG_20190928_131148.jpg,2736,3648,สายตูดได,850,259,2428,3374
IMG_20190928_131207.jpg,2736,3648,สายตูดได,1085,167,1950,3638
IMG_20190928_131208.jpg,2736,3648,สายตูดได,1214,31,1964,3488
IMG_20190928_131209.jpg,2736,3648,สายตูดได,942,9,1892,3338
IMG_20190928_131209_1.jpg,2736,3648,สายตูดได,764,2,1942,3359
IMG_20190928_131211.jpg,2736,3648,สายตูดได,135,159,2150,3174
IMG_20190928_131215.jpg,2736,3648,สายตูดได,92,1045,2736,2433
IMG_20190928_131218.jpg,2736,3648,สายตูดได,1071,295,2071,3302
IMG_20190928_131220.jpg,2736,3648,สายตูดได,842,438,2071,3431
IMG_20190928_131221.jpg,2736,3648,สายตูดได,1157,95,1928,3395
IMG_20190928_131223.jpg,2736,3648,สายตูดได,607,88,2007,3567
IMG_20190928_131239.jpg,2736,3648,สายตูดได,1207,102,2050,3588
IMG_20190928_131240.jpg,2736,3648,สายตูดได,821,338,2192,3517
IMG_20190928_131242.jpg,2736,3648,สายตูดได,457,409,2628,3059
IMG_20190928_131246.jpg,2736,3648,สายตูดได,957,288,2021,3295
IMG_20190928_131247.jpg,2736,3648,สายตูดได,57,481,2535,2902
IMG_20190928_131248.jpg,2736,3648,สายตูดได,264,402,2407,3102
IMG_20190928_131248_1.jpg,2736,3648,สายตูดได,700,181,2128,3345
IMG_20190928_131252.jpg,2736,3648,สายตูดได,28,874,2714,1702
IMG_20190928_131255.jpg,2736,3648,สายตูดได,1128,181,2157,3452
IMG_20190928_131256.jpg,2736,3648,สายตูดได,764,138,2407,3338
IMG_20190928_131325.jpg,3648,2736,สายตูดได,39,520,3648,2120
IMG_20190928_131325_1.jpg,3648,2736,สายตูดได,21,597,3639,2120
IMG_20190928_131327.jpg,3648,2736,สายตูดได,298,285,3580,1938
IMG_20190928_131329.jpg,3648,2736,สายตูดได,262,161,3168,2549
IMG_20190928_131331.jpg,3648,2736,สายตูดได,1082,1,2415,2732
IMG_20190928_131334.jpg,3648,2736,สายตูดได,456,802,3586,1620
IMG_20190928_131336.jpg,3648,2736,สายตูดได,515,349,3050,2361
IMG_20190928_131337.jpg,3648,2736,สายตูดได,421,632,3574,1649
IMG_20190928_131338.jpg,3648,2736,สายตูดได,250,744,3486,1785
IMG_20190928_131344.jpg,3648,2736,สายตูดได,39,1038,3345,1808
IMG_20190928_131412.jpg,3648,2736,สายตูดได,356,238,3227,2355
IMG_20190928_131413.jpg,3648,2736,สายตูดได,450,232,3250,2373
IMG_20190928_131413_1.jpg,3648,2736,สายตูดได,568,20,3109,2397
IMG_20190928_131414.jpg,3648,2736,สายตูดได,627,2,3127,2391
IMG_20190928_131415.jpg,3648,2736,สายตูดได,1145,91,2821,2685
IMG_20190928_131421.jpg,3648,2736,สายตูดได,262,597,3527,1538
IMG_20190928_131422.jpg,3648,2736,สายตูดได,403,514,3545,1732
IMG_20190928_131422_1.jpg,3648,2736,สายตูดได,550,538,3503,2108
IMG_20190928_131423.jpg,3648,2736,สายตูดได,598,185,3380,1920
IMG_20190928_131426.jpg,3648,2736,สายตูดได,1327,2,3262,2308
IMG_20190928_131440.jpg,3648,2736,สายตูดได,1415,49,2781,2735
IMG_20190928_131440_1.jpg,3648,2736,สายตูดได,1427,14,2726,2736
IMG_20190928_131441.jpg,3648,2736,สายตูดได,1333,73,2055,2735
IMG_20190928_131443.jpg,3648,2736,สายตูดได,1121,273,3003,2491
IMG_20190928_131444.jpg,3648,2736,สายตูดได,768,573,3250,2132
IMG_20190928_131444_1.jpg,3648,2736,สายตูดได,639,814,3403,2020
IMG_20190928_131445.jpg,3648,2736,สายตูดได,386,979,3292,1814
IMG_20190928_131446.jpg,3648,2736,สายตูดได,386,1044,3198,2067
IMG_20190928_131446_1.jpg,3648,2736,สายตูดได,415,1132,2911,2736
IMG_20190928_131448.jpg,3648,2736,สายตูดได,498,744,3292,2326
IMG_20190928_131537.jpg,3648,2736,สายตูดได,203,820,3503,1985
IMG_20190928_131537_1.jpg,3648,2736,สายตูดได,198,861,3533,2020
IMG_20190928_131832.jpg,2736,3648,ปลอกสูบ,450,563,2264,2756
IMG_20190928_131833.jpg,2736,3648,ปลอกสูบ,464,524,2307,2724
IMG_20190928_131835.jpg,2736,3648,ปลอกสูบ,764,659,2450,2681
IMG_20190928_131839.jpg,2736,3648,ปลอกสูบ,414,702,1742,2367
IMG_20190928_131842.jpg,2736,3648,ปลอกสูบ,192,345,2050,2959
IMG_20190928_131845.jpg,2736,3648,ปลอกสูบ,142,509,2285,3231
IMG_20190928_131849.jpg,2736,3648,ปลอกสูบ,35,1088,1628,2759
IMG_20190928_131854.jpg,2736,3648,ปลอกสูบ,271,952,2442,2267
IMG_20190928_131855.jpg,2736,3648,ปลอกสูบ,35,838,2335,2774
IMG_20190928_131856.jpg,2736,3648,ปลอกสูบ,14,1081,2564,2545
IMG_20190928_131905.jpg,2736,3648,ปลอกสูบ,285,202,1971,2209
IMG_20190928_131906.jpg,2736,3648,ปลอกสูบ,350,9,2142,2095
IMG_20190928_131906_1.jpg,2736,3648,ปลอกสูบ,14,402,1678,2324
IMG_20190928_131909.jpg,2736,3648,ปลอกสูบ,678,1117,2278,2581
IMG_20190928_131909_1.jpg,2736,3648,ปลอกสูบ,700,1131,2307,2674
IMG_20190928_131913.jpg,2736,3648,ปลอกสูบ,428,1288,1850,2759
IMG_20190928_131914.jpg,2736,3648,ปลอกสูบ,228,259,2000,2424
IMG_20190928_131915.jpg,2736,3648,ปลอกสูบ,550,552,2664,2752
IMG_20190928_131919.jpg,3648,2736,ปลอกสูบ,1180,708,3252,2736
IMG_20190928_131943.jpg,3648,2736,ปลอกสูบ,1033,85,3380,2220
IMG_20190928_131958.jpg,2736,3648,ปลอกสูบ,200,281,2042,2367
IMG_20190928_131959.jpg,2736,3648,ปลอกสูบ,178,345,1935,2452
IMG_20190928_131959_1.jpg,2736,3648,ปลอกสูบ,371,424,2121,2467
IMG_20190928_131959_2.jpg,2736,3648,ปลอกสูบ,500,752,2250,2624
IMG_20190928_132001.jpg,3648,2736,ปลอกสูบ,1256,961,2874,2602
IMG_20190928_132003.jpg,3648,2736,ปลอกสูบ,1098,8,3033,1967
IMG_20190928_132004.jpg,2736,3648,ปลอกสูบ,164,2,2278,2424
IMG_20190928_132005.jpg,2736,3648,ปลอกสูบ,7,517,2171,2717
IMG_20190928_132006.jpg,2736,3648,ปลอกสูบ,100,602,2285,2759
IMG_20190928_132010.jpg,2736,3648,ปลอกสูบ,550,567,2471,2667
IMG_20190928_132019.jpg,2736,3648,ปลอกสูบ,550,281,2085,2231
IMG_20190928_132020.jpg,2736,3648,ปลอกสูบ,550,352,2021,2252
IMG_20190928_132020_1.jpg,2736,3648,ปลอกสูบ,185,467,1735,2274
IMG_20190928_132021.jpg,2736,3648,ปลอกสูบ,357,845,1742,2252
IMG_20190928_132021_1.jpg,3648,2736,ปลอกสูบ,1380,261,2556,1667
IMG_20190928_132023.jpg,3648,2736,ปลอกสูบ,1227,702,2674,2673
IMG_20190928_132023_1.jpg,3648,2736,ปลอกสูบ,1345,355,2786,2173
IMG_20190928_132025.jpg,3648,2736,ปลอกสูบ,703,338,2109,2267
IMG_20190928_132025_1.jpg,3648,2736,ปลอกสูบ,839,761,2615,2679
IMG_20190928_132026.jpg,3648,2736,ปลอกสูบ,733,679,2833,2308
IMG_20190928_132038.jpg,2736,3648,ปลอกสูบ,107,774,2736,3193
IMG_20190928_132039.jpg,2736,3648,ปลอกสูบ,50,824,2692,3252
IMG_20190928_132040.jpg,2736,3648,ปลอกสูบ,78,795,2442,3388
IMG_20190928_132042.jpg,2736,3648,ปลอกสูบ,142,1081,2550,3481
IMG_20190928_132043.jpg,2736,3648,ปลอกสูบ,85,1067,2528,3409
IMG_20190928_132045.jpg,2736,3648,ปลอกสูบ,14,717,2642,2609
IMG_20190928_132045_1.jpg,2736,3648,ปลอกสูบ,71,702,2736,2404
IMG_20190928_132047.jpg,2736,3648,ปลอกสูบ,321,1059,2657,2688
IMG_20190928_132049.jpg,2736,3648,ปลอกสูบ,1,131,2185,2595
IMG_20190928_132051.jpg,2736,3648,ปลอกสูบ,414,667,2235,2674
IMG_20190928_132104.jpg,2736,3648,ปลอกสูบ,464,159,2235,2538
IMG_20190928_132104_1.jpg,2736,3648,ปลอกสูบ,357,124,2192,2538
IMG_20190928_132105.jpg,2736,3648,ปลอกสูบ,7,138,1942,2524
IMG_20190928_132105_1.jpg,2736,3648,ปลอกสูบ,71,359,2192,2559
IMG_20190928_132107.jpg,2736,3648,ปลอกสูบ,564,631,2500,2459
IMG_20190928_132108.jpg,2736,3648,ปลอกสูบ,585,1717,2300,3509
IMG_20190928_132109.jpg,3648,2736,ปลอกสูบ,1398,20,3074,2014
IMG_20190928_132111.jpg,3648,2736,ปลอกสูบ,892,97,2398,2191
IMG_20190928_132113.jpg,3648,2736,ปลอกสูบ,3,2,2027,2073
IMG_20190928_132115.jpg,3648,2736,ปลอกสูบ,1103,249,2827,2267
IMG_20190928_132132.jpg,2736,3648,ปลอกสูบ,78,67,2128,2459
IMG_20190928_132133.jpg,2736,3648,ปลอกสูบ,178,309,2278,2559
IMG_20190928_132133_1.jpg,2736,3648,ปลอกสูบ,285,667,2378,2688
IMG_20190928_132133_2.jpg,2736,3648,ปลอกสูบ,7,931,2157,2774
IMG_20190928_132135.jpg,3648,2736,ปลอกสูบ,586,491,2098,2373
IMG_20190928_132136.jpg,3648,2736,ปลอกสูบ,1127,620,2603,2414
IMG_20190928_132138.jpg,3648,2736,ปลอกสูบ,968,632,2939,2567
IMG_20190928_132138_1.jpg,3648,2736,ปลอกสูบ,1103,461,2868,2332
IMG_20190928_132140.jpg,3648,2736,ปลอกสูบ,1421,202,2927,2108
IMG_20190928_132143.jpg,3648,2736,ปลอกสูบ,680,8,2380,2285
IMG_20190928_132156.jpg,2736,3648,ปลอกสูบ,235,202,2064,2417
IMG_20190928_132156_1.jpg,2736,3648,ปลอกสูบ,807,395,2542,2588
IMG_20190928_133118.jpg,3648,2736,สายพานราวลิ้น,645,620,2050,2126
IMG_20190928_133118_1.jpg,2736,3648,สายพานราวลิ้น,607,681,2107,2095
IMG_20190928_133119.jpg,2736,3648,สายพานราวลิ้น,492,852,2057,2309
IMG_20190928_133121.jpg,2736,3648,สายพานราวลิ้น,557,1088,1778,2274
IMG_20190928_133123.jpg,2736,3648,สายพานราวลิ้น,485,959,2178,2495
IMG_20190928_133124.jpg,2736,3648,สายพานราวลิ้น,614,988,2300,2495
IMG_20190928_133125.jpg,2736,3648,สายพานราวลิ้น,571,931,2257,2502
IMG_20190928_133128.jpg,3648,2736,สายพานราวลิ้น,1186,749,2586,2144
IMG_20190928_133129.jpg,3648,2736,สายพานราวลิ้น,845,2,2421,1538
IMG_20190928_133132.jpg,3648,2736,สายพานราวลิ้น,1015,555,2615,2238
IMG_20190928_133137.jpg,3648,2736,สายพานราวลิ้น,1003,14,3356,2126
IMG_20190928_133138.jpg,3648,2736,สายพานราวลิ้น,1003,20,3198,2014
IMG_20190928_133138_1.jpg,3648,2736,สายพานราวลิ้น,1121,2,2909,1879
IMG_20190928_133139.jpg,3648,2736,สายพานราวลิ้น,1081,1,2856,1826
IMG_20190928_133140.jpg,3648,2736,สายพานราวลิ้น,1103,391,2750,2097
IMG_20190928_133140_1.jpg,3648,2736,สายพานราวลิ้น,1115,302,2627,1961
IMG_20190928_133141.jpg,3648,2736,สายพานราวลิ้น,1027,97,2468,1632
IMG_20190928_133141_1.jpg,3648,2736,สายพานราวลิ้น,1139,408,2668,1961
IMG_20190928_133142.jpg,3648,2736,สายพานราวลิ้น,1186,455,2750,2044
IMG_20190928_133144.jpg,3648,2736,สายพานราวลิ้น,809,826,2539,2461
IMG_20190928_133154.jpg,2736,3648,สายพานราวลิ้น,1035,1267,2478,2788
IMG_20190928_133154_1.jpg,2736,3648,สายพานราวลิ้น,1050,1267,2478,2809
IMG_20190928_133155.jpg,2736,3648,สายพานราวลิ้น,1164,1145,2685,2681
IMG_20190928_133155_1.jpg,2736,3648,สายพานราวลิ้น,1064,1067,2621,2524
IMG_20190928_133156.jpg,2736,3648,สายพานราวลิ้น,507,895,2121,2388
IMG_20190928_133156_1.jpg,2736,3648,สายพานราวลิ้น,435,988,2085,2595
IMG_20190928_133157.jpg,2736,3648,สายพานราวลิ้น,114,1009,1585,2431
IMG_20190928_133158.jpg,2736,3648,สายพานราวลิ้น,414,1059,1750,2517
IMG_20190928_133159.jpg,3648,2736,สายพานราวลิ้น,998,885,2603,2214
IMG_20190928_133200.jpg,3648,2736,สายพานราวลิ้น,1068,361,2462,1585
IMG_20190928_133211.jpg,3648,2736,สายพานราวลิ้น,1168,479,2892,2014
IMG_20190928_133212.jpg,3648,2736,สายพานราวลิ้น,1162,408,2798,1873
IMG_20190928_133212_1.jpg,3648,2736,สายพานราวลิ้น,962,226,2615,1749
IMG_20190928_133212_2.jpg,3648,2736,สายพานราวลิ้น,956,8,2533,1602
IMG_20190928_133213.jpg,3648,2736,สายพานราวลิ้น,968,238,2592,1838
IMG_20190928_133213_1.jpg,3648,2736,สายพานราวลิ้น,1039,455,2650,2026
IMG_20190928_133214.jpg,3648,2736,สายพานราวลิ้น,1256,961,2703,2391
IMG_20190928_133214_1.jpg,3648,2736,สายพานราวลิ้น,1315,955,2680,2279
IMG_20190928_133215.jpg,3648,2736,สายพานราวลิ้น,1127,591,2627,1844
IMG_20190928_133216.jpg,3648,2736,สายพานราวลิ้น,1045,444,2527,1761
IMG_20190928_133223.jpg,2736,3648,สายพานราวลิ้น,578,1181,2128,2409
IMG_20190928_133223_1.jpg,2736,3648,สายพานราวลิ้น,457,1095,2064,2424
IMG_20190928_133224.jpg,2736,3648,สายพานราวลิ้น,307,1167,1785,2402
IMG_20190928_133224_1.jpg,2736,3648,สายพานราวลิ้น,300,1045,1828,2409
IMG_20190928_133224_2.jpg,2736,3648,สายพานราวลิ้น,350,1145,1828,2538
IMG_20190928_133225.jpg,2736,3648,สายพานราวลิ้น,414,1074,1964,2495
IMG_20190928_133225_1.jpg,2736,3648,สายพานราวลิ้น,350,1002,2000,2409
IMG_20190928_133225_2.jpg,2736,3648,สายพานราวลิ้น,300,502,2014,2059
IMG_20190928_133226.jpg,2736,3648,สายพานราวลิ้น,542,838,2050,2267
IMG_20190928_133227.jpg,3648,2736,สายพานราวลิ้น,1221,832,2615,2067
IMG_20190928_133236.jpg,2736,3648,สายพานราวลิ้น,585,967,2135,2609
IMG_20190928_133236_1.jpg,2736,3648,สายพานราวลิ้น,378,1145,1942,2709
IMG_20190928_133236_2.jpg,2736,3648,สายพานราวลิ้น,407,1152,1885,2767
IMG_20190928_133236_3.jpg,2736,3648,สายพานราวลิ้น,507,1159,1942,2781
IMG_20190928_133237.jpg,2736,3648,สายพานราวลิ้น,571,1138,1928,2581
IMG_20190928_133237_1.jpg,2736,3648,สายพานราวลิ้น,935,1088,2342,2638
IMG_20190928_133238.jpg,2736,3648,สายพานราวลิ้น,964,1259,2371,2838
IMG_20190928_133239.jpg,3648,2736,สายพานราวลิ้น,974,802,3003,2373
IMG_20190928_133239_1.jpg,3648,2736,สายพานราวลิ้น,945,720,2874,2267
IMG_20190928_133240.jpg,3648,2736,สายพานราวลิ้น,898,579,2639,2161
IMG_20190928_133247.jpg,2736,3648,สายพานราวลิ้น,807,1095,2178,2488
IMG_20190928_133247_1.jpg,2736,3648,สายพานราวลิ้น,992,1124,2400,2481
IMG_20190928_133247_2.jpg,2736,3648,สายพานราวลิ้น,1021,1131,2535,2517
IMG_20190928_133248.jpg,2736,3648,สายพานราวลิ้น,842,1138,2235,2581
IMG_20190928_133249.jpg,2736,3648,สายพานราวลิ้น,985,1109,2328,2588
IMG_20190928_133249_1.jpg,2736,3648,สายพานราวลิ้น,957,1117,2328,2609
IMG_20190928_133249_2.jpg,2736,3648,สายพานราวลิ้น,85,867,1521,2431
IMG_20190928_133250.jpg,2736,3648,สายพานราวลิ้น,1,1181,1378,2759
IMG_20190928_133250_1.jpg,2736,3648,สายพานราวลิ้น,392,1145,1878,2617
IMG_20190928_133251.jpg,2736,3648,สายพานราวลิ้น,828,1167,2221,2638
IMG_20190928_133307.jpg,2736,3648,สายพานราวลิ้น,564,1252,2157,2731
IMG_20190928_133307_1.jpg,2736,3648,สายพานราวลิ้น,514,1252,2142,2759
IMG_20190928_133307_2.jpg,2736,3648,สายพานราวลิ้น,335,1188,1964,2645
IMG_20190928_133308.jpg,2736,3648,สายพานราวลิ้น,300,1188,1957,2774
IMG_20190928_133308_1.jpg,2736,3648,สายพานราวลิ้น,242,1274,1878,2888
IMG_20190928_133309.jpg,2736,3648,สายพานราวลิ้น,535,1181,2042,2788
IMG_20190928_133309_1.jpg,2736,3648,สายพานราวลิ้น,521,995,2150,2752
IMG_20190928_133310.jpg,2736,3648,สายพานราวลิ้น,914,1074,2521,2717
IMG_20190928_133311.jpg,2736,3648,สายพานราวลิ้น,785,1267,2292,2695
IMG_20190928_133312.jpg,2736,3648,สายพานราวลิ้น,550,1174,2314,2624
IMG_20190928_133433.jpg,2736,3648,กรองอากาศ,571,1174,2378,2567
IMG_20190928_133433_1.jpg,2736,3648,กรองอากาศ,542,1167,2414,2581
IMG_20190928_133433_2.jpg,2736,3648,กรองอากาศ,550,952,2457,2524
IMG_20190928_133434.jpg,2736,3648,กรองอากาศ,635,909,2614,2645
IMG_20190928_133434_1.jpg,2736,3648,กรองอากาศ,435,945,2342,2717
IMG_20190928_133435.jpg,2736,3648,กรองอากาศ,428,959,2400,2674
IMG_20190928_133435_1.jpg,2736,3648,กรองอากาศ,378,1038,2092,2438
IMG_20190928_133436.jpg,2736,3648,กรองอากาศ,335,1102,2164,2402
IMG_20190928_133436_1.jpg,2736,3648,กรองอากาศ,321,995,2228,2702
IMG_20190928_133437.jpg,2736,3648,กรองอากาศ,285,881,2250,2824
IMG_20190928_133442.jpg,2736,3648,กรองอากาศ,307,1052,2271,2931
IMG_20190928_133443.jpg,2736,3648,กรองอากาศ,350,1081,2285,2967
IMG_20190928_133443_1.jpg,2736,3648,กรองอากาศ,521,1059,2535,2952
IMG_20190928_133444.jpg,2736,3648,กรองอากาศ,350,995,2735,3059
IMG_20190928_133444_1.jpg,2736,3648,กรองอากาศ,207,931,2671,3074
IMG_20190928_133445.jpg,2736,3648,กรองอากาศ,235,817,2736,3070
IMG_20190928_133445_1.jpg,2736,3648,กรองอากาศ,214,809,2728,3188
IMG_20190928_133445_2.jpg,2736,3648,กรองอากาศ,57,845,2621,3324
IMG_20190928_133448.jpg,2736,3648,กรองอากาศ,242,795,1964,2509
IMG_20190928_133450.jpg,2736,3648,กรองอากาศ,450,1067,2271,2767
IMG_20190928_133502.jpg,2736,3648,กรองอากาศ,750,559,2314,1902
IMG_20190928_133502_1.jpg,2736,3648,กรองอากาศ,750,595,2307,1931
IMG_20190928_133503.jpg,2736,3648,กรองอากาศ,764,652,2278,2038
IMG_20190928_133504.jpg,2736,3648,กรองอากาศ,864,345,2364,1731
IMG_20190928_133504_1.jpg,2736,3648,กรองอากาศ,900,331,2428,1759
IMG_20190928_133505.jpg,2736,3648,กรองอากาศ,957,317,2500,1724
IMG_20190928_133505_1.jpg,2736,3648,กรองอากาศ,914,538,2350,1967
IMG_20190928_133507.jpg,2736,3648,กรองอากาศ,107,1367,1500,2845
IMG_20190928_133508.jpg,2736,3648,กรองอากาศ,178,1067,1400,2452
IMG_20190928_133510.jpg,2736,3648,กรองอากาศ,464,1088,1578,2502
IMG_20190928_133528.jpg,3648,2736,กรองอากาศ,498,938,2062,2167
IMG_20190928_133528_1.jpg,3648,2736,กรองอากาศ,503,920,2009,2191
IMG_20190928_133528_2.jpg,3648,2736,กรองอากาศ,733,1349,2215,2561
IMG_20190928_133529.jpg,3648,2736,กรองอากาศ,768,979,2215,2138
IMG_20190928_133529_1.jpg,3648,2736,กรองอากาศ,650,820,2274,1979
IMG_20190928_133530.jpg,3648,2736,กรองอากาศ,592,297,2174,1661
IMG_20190928_133530_1.jpg,3648,2736,กรองอากาศ,521,279,2156,1708
IMG_20190928_133531.jpg,3648,2736,กรองอากาศ,598,338,2256,1838
IMG_20190928_133531_1.jpg,3648,2736,กรองอากาศ,721,279,2274,1849
IMG_20190928_133532.jpg,3648,2736,กรองอากาศ,703,367,2356,1955
IMG_20190928_133546.jpg,2736,3648,กรองอากาศ,557,1031,2571,3102
IMG_20190928_133546_1.jpg,2736,3648,กรองอากาศ,564,1009,2528,3102
IMG_20190928_133547.jpg,2736,3648,กรองอากาศ,578,831,2600,3081
IMG_20190928_133547_1.jpg,2736,3648,กรองอากาศ,428,845,2714,2988
IMG_20190928_133548.jpg,2736,3648,กรองอากาศ,228,1024,2492,2717
IMG_20190928_133549.jpg,2736,3648,กรองอากาศ,235,931,2414,2652
IMG_20190928_133549_1.jpg,2736,3648,กรองอากาศ,307,874,2514,2517
IMG_20190928_133550.jpg,2736,3648,กรองอากาศ,314,974,2371,2417
IMG_20190928_133551.jpg,2736,3648,กรองอากาศ,392,874,2407,2745
IMG_20190928_133554.jpg,2736,3648,กรองอากาศ,1007,1067,2285,2652
IMG_20190928_133608.jpg,2736,3648,กรองอากาศ,528,1417,2300,3309
IMG_20190928_133608_1.jpg,2736,3648,กรองอากาศ,864,1438,2585,3231
IMG_20190928_133609.jpg,2736,3648,กรองอากาศ,900,1431,2557,3288
IMG_20190928_133609_1.jpg,2736,3648,กรองอากาศ,528,1345,2078,3109
IMG_20190928_133610.jpg,2736,3648,กรองอากาศ,635,1331,1885,2802
IMG_20190928_133610_1.jpg,2736,3648,กรองอากาศ,578,1081,1885,2752
IMG_20190928_133610_2.jpg,2736,3648,กรองอากาศ,485,1095,1914,2824
IMG_20190928_133611.jpg,2736,3648,กรองอากาศ,564,1074,1985,2781
IMG_20190928_133611_1.jpg,2736,3648,กรองอากาศ,385,1417,1914,3095
IMG_20190928_133612.jpg,2736,3648,กรองอากาศ,671,1738,1928,3259
IMG_20190928_133621.jpg,2736,3648,กรองอากาศ,771,695,1992,2259
IMG_20190928_133621_1.jpg,2736,3648,กรองอากาศ,785,695,1950,2231
IMG_20190928_133622.jpg,2736,3648,กรองอากาศ,671,795,1964,2302
IMG_20190928_133623.jpg,2736,3648,กรองอากาศ,564,888,2071,2395
IMG_20190928_133624.jpg,2736,3648,กรองอากาศ,614,745,2114,2445
IMG_20190928_133624_1.jpg,2736,3648,กรองอากาศ,585,745,2235,2459
IMG_20190928_133624_2.jpg,2736,3648,กรองอากาศ,535,788,2278,2431
IMG_20190928_133625.jpg,2736,3648,กรองอากาศ,614,724,2314,2431
IMG_20190928_133625_1.jpg,2736,3648,กรองอากาศ,871,638,2457,2438
IMG_20190928_133627.jpg,2736,3648,กรองอากาศ,757,824,2142,2524
IMG_20190928_133641.jpg,2736,3648,กรองอากาศ,542,252,2114,2452
IMG_20190928_133642.jpg,2736,3648,กรองอากาศ,535,145,2228,2388
IMG_20190928_133642_1.jpg,2736,3648,กรองอากาศ,728,24,2700,2374
IMG_20190928_133642_2.jpg,2736,3648,กรองอากาศ,521,59,2678,2445
IMG_20190928_133643.jpg,2736,3648,กรองอากาศ,521,81,2736,2393
IMG_20190928_133643_1.jpg,2736,3648,กรองอากาศ,314,359,2707,2552
IMG_20190928_133645.jpg,2736,3648,กรองอากาศ,178,381,2378,2688
IMG_20190928_133645_1.jpg,2736,3648,กรองอากาศ,150,367,2414,2731
IMG_20190928_133646.jpg,2736,3648,กรองอากาศ,114,167,2371,2559
IMG_20190928_133647.jpg,2736,3648,กรองอากาศ,285,224,2492,2638
IMG_20190928_133822.jpg,2736,3648,น้ำมันเครื่อง 1 ลิตร,835,1552,1700,2374
IMG_20190928_133823.jpg,2736,3648,น้ำมันเครื่อง 1 ลิตร,828,1474,1735,2317
IMG_20190928_133823_1.jpg,2736,3648,น้ำมันเครื่อง 1 ลิตร,835,1438,1800,2352
IMG_20190928_133823_2.jpg,2736,3648,น้ำมันเครื่อง 1 ลิตร,614,624,1964,2317
IMG_20190928_133824.jpg,2736,3648,น้ำมันเครื่อง 1 ลิตร,621,681,1771,2452
IMG_20190928_133824_1.jpg,2736,3648,น้ำมันเครื่อง 1 ลิตร,857,1038,1957,2488
IMG_20190928_133825.jpg,2736,3648,น้ำมันเครื่อง 1 ลิตร,921,838,2078,2452
IMG_20190928_133826.jpg,2736,3648,น้ำมันเครื่อง 1 ลิตร,828,1602,1642,2338
IMG_20190928_133829.jpg,2736,3648,น้ำมันเครื่อง 1 ลิตร,764,1124,1657,2195
IMG_20190928_133830.jpg,2736,3648,น้ำมันเครื่อง 1 ลิตร,842,1388,1742,2374
IMG_20190928_133837.jpg,3648,2736,น้ำมันเครื่อง 1 ลิตร,1374,532,2609,2102
IMG_20190928_133837_1.jpg,3648,2736,น้ำมันเครื่อง 1 ลิตร,1415,561,2674,2102
IMG_20190928_133837_2.jpg,3648,2736,น้ำมันเครื่อง 1 ลิตร,1468,526,2692,2085
IMG_20190928_133838.jpg,3648,2736,น้ำมันเครื่อง 1 ลิตร,1539,602,2598,2102
IMG_20190928_133838_1.jpg,3648,2736,น้ำมันเครื่อง 1 ลิตร,1686,702,2574,2232
IMG_20190928_133839.jpg,3648,2736,น้ำมันเครื่อง 1 ลิตร,1721,679,2545,2202
IMG_20190928_133840.jpg,3648,2736,น้ำมันเครื่อง 1 ลิตร,1692,549,2633,2220
IMG_20190928_133840_1.jpg,3648,2736,น้ำมันเครื่อง 1 ลิตร,1662,602,2598,2208
IMG_20190928_133841.jpg,3648,2736,น้ำมันเครื่อง 1 ลิตร,1645,632,2739,2120
IMG_20190928_133842.jpg,3648,2736,น้ำมันเครื่อง 1 ลิตร,1880,608,2768,2079
IMG_20190928_133855.jpg,3648,2736,น้ำมันเครื่อง 1 ลิตร,1345,897,2121,2061
IMG_20190928_133855_1.jpg,3648,2736,น้ำมันเครื่อง 1 ลิตร,1303,885,2045,2073
IMG_20190928_133856.jpg,3648,2736,น้ำมันเครื่อง 1 ลิตร,1221,961,2168,2191
IMG_20190928_133856_1.jpg,3648,2736,น้ำมันเครื่อง 1 ลิตร,1239,973,2156,2126
IMG_20190928_133856_2.jpg,3648,2736,น้ำมันเครื่อง 1 ลิตร,1215,944,2168,2126
IMG_20190928_133857.jpg,3648,2736,น้ำมันเครื่อง 1 ลิตร,1174,908,2162,2049
IMG_20190928_133857_1.jpg,3648,2736,น้ำมันเครื่อง 1 ลิตร,1156,908,2215,2026
IMG_20190928_133858.jpg,3648,2736,น้ำมันเครื่อง 1 ลิตร,1162,920,2268,2008
IMG_20190928_133858_1.jpg,3648,2736,น้ำมันเครื่อง 1 ลิตร,1009,944,2268,2008
IMG_20190928_133859.jpg,3648,2736,น้ำมันเครื่อง 1 ลิตร,1203,897,2462,1926
IMG_20190928_133913.jpg,2736,3648,น้ำมันเครื่อง 1 ลิตร,785,1017,1707,2445
IMG_20190928_133916.jpg,2736,3648,น้ำมันเครื่อง 1 ลิตร,700,888,1292,2374
IMG_20190928_133916_1.jpg,2736,3648,น้ำมันเครื่อง 1 ลิตร,721,959,1392,2481
IMG_20190928_133917.jpg,2736,3648,น้ำมันเครื่อง 1 ลิตร,792,881,1385,2481
IMG_20190928_133919.jpg,2736,3648,น้ำมันเครื่อง 1 ลิตร,1050,995,1771,2395
IMG_20190928_133919_1.jpg,2736,3648,น้ำมันเครื่อง 1 ลิตร,1014,988,1750,2459
IMG_20190928_133921.jpg,2736,3648,น้ำมันเครื่อง 1 ลิตร,728,1345,1635,2617
IMG_20190928_133923.jpg,2736,3648,น้ำมันเครื่อง 1 ลิตร,421,1309,1828,2638
IMG_20190928_133925.jpg,2736,3648,น้ำมันเครื่อง 1 ลิตร,971,952,2142,2481
IMG_20190928_133927.jpg,2736,3648,น้ำมันเครื่อง 1 ลิตร,1042,1067,2028,2481
IMG_20190928_133939.jpg,2736,3648,น้ำมันเครื่อง 1 ลิตร,978,1174,1792,2224
IMG_20190928_133939_1.jpg,2736,3648,น้ำมันเครื่อง 1 ลิตร,1192,1195,2021,2281
IMG_20190928_133940.jpg,2736,3648,น้ำมันเครื่อง 1 ลิตร,1100,1174,2064,2252
IMG_20190928_133940_1.jpg,2736,3648,น้ำมันเครื่อง 1 ลิตร,942,1052,2028,2202
IMG_20190928_133941.jpg,2736,3648,น้ำมันเครื่อง 1 ลิตร,757,1152,1964,2409
IMG_20190928_133943.jpg,2736,3648,น้ำมันเครื่อง 1 ลิตร,392,1531,2385,2888
IMG_20190928_133944.jpg,2736,3648,น้ำมันเครื่อง 1 ลิตร,435,1131,2242,2645
IMG_20190928_133944_1.jpg,2736,3648,น้ำมันเครื่อง 1 ลิตร,857,1074,2571,2788
IMG_20190928_133945.jpg,2736,3648,น้ำมันเครื่อง 1 ลิตร,757,1117,2435,2924
IMG_20190928_133947.jpg,2736,3648,น้ำมันเครื่อง 1 ลิตร,614,1188,2178,3038
IMG_20190928_134005.jpg,2736,3648,น้ำมันเครื่อง 1 ลิตร,907,1167,1950,2209
IMG_20190928_134006.jpg,2736,3648,น้ำมันเครื่อง 1 ลิตร,964,1188,2042,2238
IMG_20190928_134006_1.jpg,2736,3648,น้ำมันเครื่อง 1 ลิตร,800,1331,1885,2352
IMG_20190928_134006_2.jpg,2736,3648,น้ำมันเครื่อง 1 ลิตร,671,1409,1657,2409
IMG_20190928_134007.jpg,2736,3648,น้ำมันเครื่อง 1 ลิตร,814,1309,1785,2345
IMG_20190928_134007_1.jpg,2736,3648,น้ำมันเครื่อง 1 ลิตร,850,1231,1857,2302
IMG_20190928_134009.jpg,3648,2736,น้ำมันเครื่อง 1 ลิตร,1445,926,2192,2267
IMG_20190928_134011.jpg,2736,3648,น้ำมันเครื่อง 1 ลิตร,864,1595,1871,2859
IMG_20190928_134014.jpg,2736,3648,น้ำมันเครื่อง 1 ลิตร,1085,1488,2064,2481
IMG_20190928_134016.jpg,3648,2736,น้ำมันเครื่อง 1 ลิตร,1398,726,2768,2385
IMG_20190928_134043.jpg,3648,2736,น้ำมันเครื่อง 1 ลิตร,1221,991,2756,1897
IMG_20190928_134044.jpg,3648,2736,น้ำมันเครื่อง 1 ลิตร,1080,802,2833,1861
IMG_20190928_134044_1.jpg,3648,2736,น้ำมันเครื่อง 1 ลิตร,1168,832,2774,1732
IMG_20190928_134044_2.jpg,3648,2736,น้ำมันเครื่อง 1 ลิตร,1262,1008,2727,1938
IMG_20190928_134045.jpg,3648,2736,น้ำมันเครื่อง 1 ลิตร,1274,1379,2698,2338
IMG_20190928_134045_1.jpg,3648,2736,น้ำมันเครื่อง 1 ลิตร,1333,1320,2809,2314
IMG_20190928_134045_2.jpg,3648,2736,น้ำมันเครื่อง 1 ลิตร,1456,1244,2880,2291
IMG_20190928_134046.jpg,3648,2736,น้ำมันเครื่อง 1 ลิตร,1368,1173,2880,2273
IMG_20190928_134047.jpg,3648,2736,น้ำมันเครื่อง 1 ลิตร,1456,1038,2903,2067
IMG_20190928_134049.jpg,3648,2736,น้ำมันเครื่อง 1 ลิตร,1245,838,2703,1979
IMG_20190928_134106.jpg,2736,3648,น้ำมันเครื่อง 1 ลิตร,607,359,2264,2595
IMG_20190928_134107.jpg,2736,3648,น้ำมันเครื่อง 1 ลิตร,628,424,2150,2667
IMG_20190928_134107_1.jpg,2736,3648,น้ำมันเครื่อง 1 ลิตร,735,524,2314,2617
IMG_20190928_134107_2.jpg,2736,3648,น้ำมันเครื่อง 1 ลิตร,900,274,2736,2200
IMG_20190928_134111.jpg,2736,3648,น้ำมันเครื่อง 1 ลิตร,857,1009,2092,2752
IMG_20190928_134112.jpg,2736,3648,น้ำมันเครื่อง 1 ลิตร,678,988,2100,2702
IMG_20190928_134112_1.jpg,2736,3648,น้ำมันเครื่อง 1 ลิตร,400,1109,2021,2731
IMG_20190928_134113.jpg,2736,3648,น้ำมันเครื่อง 1 ลิตร,571,1088,2164,2759
IMG_20190928_134113_1.jpg,2736,3648,น้ำมันเครื่อง 1 ลิตร,414,645,2121,2688
IMG_20190928_134115.jpg,2736,3648,น้ำมันเครื่อง 1 ลิตร,971,1424,2307,2795
IMG_20190928_135357.jpg,3648,2736,น็อตตัวผู้หกเหลี่ยม,1539,1038,2162,1538
IMG_20190928_135358.jpg,3648,2736,น็อตตัวผู้หกเหลี่ยม,1598,949,2274,1479
IMG_20190928_135358_1.jpg,3648,2736,น็อตตัวผู้หกเหลี่ยม,1562,1085,2374,1632
IMG_20190928_135359.jpg,3648,2736,น็อตตัวผู้หกเหลี่ยม,1645,1173,2362,1732
IMG_20190928_135359_1.jpg,3648,2736,น็อตตัวผู้หกเหลี่ยม,1621,1097,2486,1761
IMG_20190928_135400.jpg,3648,2736,น็อตตัวผู้หกเหลี่ยม,1833,1314,2568,1785
IMG_20190928_135400_1.jpg,3648,2736,น็อตตัวผู้หกเหลี่ยม,1739,1285,2645,1932
IMG_20190928_135401.jpg,3648,2736,น็อตตัวผู้หกเหลี่ยม,1868,1061,2498,1549
IMG_20190928_135403.jpg,3648,2736,น็อตตัวผู้หกเหลี่ยม,1556,1108,2421,1661
IMG_20190928_135403_1.jpg,3648,2736,น็อตตัวผู้หกเหลี่ยม,1262,1026,2315,1685
IMG_20190928_135425.jpg,3648,2736,น็อตตัวผู้หกเหลี่ยม,1703,1226,2233,1755
IMG_20190928_135425_1.jpg,3648,2736,น็อตตัวผู้หกเหลี่ยม,1698,1220,2403,1885
IMG_20190928_135425_2.jpg,3648,2736,น็อตตัวผู้หกเหลี่ยม,1750,1249,2186,1802
IMG_20190928_135426.jpg,3648,2736,น็อตตัวผู้หกเหลี่ยม,1562,1238,2192,1938
IMG_20190928_135426_1.jpg,3648,2736,น็อตตัวผู้หกเหลี่ยม,1450,1191,1862,1714
IMG_20190928_135427.jpg,3648,2736,น็อตตัวผู้หกเหลี่ยม,1462,1061,1903,1555
IMG_20190928_135427_1.jpg,3648,2736,น็อตตัวผู้หกเหลี่ยม,1486,1049,2062,1632
IMG_20190928_135427_2.jpg,3648,2736,น็อตตัวผู้หกเหลี่ยม,1456,1132,2045,1755
IMG_20190928_135428.jpg,3648,2736,น็อตตัวผู้หกเหลี่ยม,1403,949,1927,1602
IMG_20190928_135429.jpg,3648,2736,น็อตตัวผู้หกเหลี่ยม,1274,1244,1950,1808
IMG_20190928_135431.jpg,3648,2736,น็อตตัวผู้หกเหลี่ยม,1486,926,2239,1720
IMG_20190928_135442.jpg,3648,2736,น็อตตัวผู้หกเหลี่ยม,1674,926,2298,1479
IMG_20190928_135442_1.jpg,3648,2736,น็อตตัวผู้หกเหลี่ยม,1462,767,2139,1373
IMG_20190928_135442_2.jpg,3648,2736,น็อตตัวผู้หกเหลี่ยม,1374,891,2068,1532
IMG_20190928_135443.jpg,3648,2736,น็อตตัวผู้หกเหลี่ยม,1250,1191,1898,1732
IMG_20190928_135444.jpg,3648,2736,น็อตตัวผู้หกเหลี่ยม,1239,1197,1909,1814
IMG_20190928_135444_1.jpg,3648,2736,น็อตตัวผู้หกเหลี่ยม,1203,949,1998,1573
IMG_20190928_135444_2.jpg,3648,2736,น็อตตัวผู้หกเหลี่ยม,1198,1208,1968,1749
IMG_20190928_135445.jpg,3648,2736,น็อตตัวผู้หกเหลี่ยม,1398,1344,2045,1985
IMG_20190928_135446.jpg,3648,2736,น็อตตัวผู้หกเหลี่ยม,1427,920,2233,1602
IMG_20190928_135447.jpg,3648,2736,น็อตตัวผู้หกเหลี่ยม,1303,873,2015,1502
IMG_20190928_135456.jpg,3648,2736,น็อตตัวผู้หกเหลี่ยม,1574,1097,1998,1679
IMG_20190928_135456_1.jpg,3648,2736,น็อตตัวผู้หกเหลี่ยม,1545,1261,2039,1832
IMG_20190928_135456_2.jpg,3648,2736,น็อตตัวผู้หกเหลี่ยม,1592,1326,2156,1955
IMG_20190928_135457.jpg,3648,2736,น็อตตัวผู้หกเหลี่ยม,1515,1055,1880,1614
IMG_20190928_135457_1.jpg,3648,2736,น็อตตัวผู้หกเหลี่ยม,1480,944,2098,1573
IMG_20190928_135458.jpg,3648,2736,น็อตตัวผู้หกเหลี่ยม,1515,1132,2074,1744
IMG_20190928_135458_1.jpg,3648,2736,น็อตตัวผู้หกเหลี่ยม,1145,885,1715,1338
IMG_20190928_135459.jpg,3648,2736,น็อตตัวผู้หกเหลี่ยม,898,1032,1674,1479
IMG_20190928_135500.jpg,3648,2736,น็อตตัวผู้หกเหลี่ยม,1598,902,2109,1608
IMG_20190928_135502.jpg,3648,2736,น็อตตัวผู้หกเหลี่ยม,1674,1132,2327,1849
IMG_20190928_135511.jpg,3648,2736,น็อตตัวผู้หกเหลี่ยม,1780,1044,2374,1638
IMG_20190928_135511_1.jpg,3648,2736,น็อตตัวผู้หกเหลี่ยม,1586,1232,2433,1967
IMG_20190928_135511_2.jpg,3648,2736,น็อตตัวผู้หกเหลี่ยม,1668,1308,2492,1891
IMG_20190928_135512.jpg,3648,2736,น็อตตัวผู้หกเหลี่ยม,1545,1232,2333,1873
IMG_20190928_135512_1.jpg,3648,2736,น็อตตัวผู้หกเหลี่ยม,1392,1249,2203,1991
IMG_20190928_135513.jpg,3648,2736,น็อตตัวผู้หกเหลี่ยม,1545,1449,2527,2173
IMG_20190928_135513_1.jpg,3648,2736,น็อตตัวผู้หกเหลี่ยม,1803,502,2433,1132
IMG_20190928_135514.jpg,3648,2736,น็อตตัวผู้หกเหลี่ยม,1009,1079,2021,1708
IMG_20190928_135514_1.jpg,3648,2736,น็อตตัวผู้หกเหลี่ยม,1145,1185,1945,1773
IMG_20190928_135515.jpg,3648,2736,น็อตตัวผู้หกเหลี่ยม,1068,961,1850,1638
IMG_20190928_135525.jpg,2736,3648,น็อตตัวผู้หกเหลี่ยม,1050,1667,1764,2217
IMG_20190928_135526.jpg,2736,3648,น็อตตัวผู้หกเหลี่ยม,928,1695,1585,2224
IMG_20190928_135526_1.jpg,2736,3648,น็อตตัวผู้หกเหลี่ยม,807,1524,1671,2109
IMG_20190928_135526_2.jpg,2736,3648,น็อตตัวผู้หกเหลี่ยม,1278,1309,2085,1952
IMG_20190928_135527.jpg,2736,3648,น็อตตัวผู้หกเหลี่ยม,1371,1345,2242,1731
IMG_20190928_135527_1.jpg,2736,3648,น็อตตัวผู้หกเหลี่ยม,1057,1252,1878,1731
IMG_20190928_135528.jpg,2736,3648,น็อตตัวผู้หกเหลี่ยม,542,1581,1507,2145
IMG_20190928_135528_1.jpg,2736,3648,น็อตตัวผู้หกเหลี่ยม,1050,1667,2000,2274
IMG_20190928_135529.jpg,2736,3648,น็อตตัวผู้หกเหลี่ยม,1407,1581,2442,2345
IMG_20190928_135530.jpg,2736,3648,น็อตตัวผู้หกเหลี่ยม,957,1481,2135,2231
IMG_20190928_135535.jpg,2736,3648,น็อตตัวผู้หกเหลี่ยม,1028,1545,1614,2195
IMG_20190928_135547.jpg,2736,3648,น็อตตัวผู้หกเหลี่ยม,978,1695,2035,2181
IMG_20190928_135548.jpg,2736,3648,น็อตตัวผู้หกเหลี่ยม,935,1667,1785,2231
IMG_20190928_135548_1.jpg,2736,3648,น็อตตัวผู้หกเหลี่ยม,1150,1609,1957,2145
IMG_20190928_135548_2.jpg,2736,3648,น็อตตัวผู้หกเหลี่ยม,828,1652,1664,2352
IMG_20190928_135549.jpg,2736,3648,น็อตตัวผู้หกเหลี่ยม,828,1681,1557,2138
IMG_20190928_135549_1.jpg,2736,3648,น็อตตัวผู้หกเหลี่ยม,800,1817,1450,2559
IMG_20190928_135550.jpg,2736,3648,น็อตตัวผู้หกเหลี่ยม,821,1888,1614,2488
IMG_20190928_135551.jpg,2736,3648,น็อตตัวผู้หกเหลี่ยม,1121,2202,1721,2745
IMG_20190928_135551_1.jpg,2736,3648,น็อตตัวผู้หกเหลี่ยม,878,2002,1671,2752
IMG_20190928_135610.jpg,2736,3648,น็อตตัวผู้หกเหลี่ยม,928,1417,1707,2152
IMG_20190928_135611.jpg,2736,3648,น็อตตัวผู้หกเหลี่ยม,571,1624,1457,2281
IMG_20190928_135611_1.jpg,2736,3648,น็อตตัวผู้หกเหลี่ยม,657,1767,1835,2738
IMG_20190928_135611_2.jpg,2736,3648,น็อตตัวผู้หกเหลี่ยม,835,1895,1785,2802
IMG_20190928_135612.jpg,2736,3648,น็อตตัวผู้หกเหลี่ยม,578,1609,1278,2417
IMG_20190928_135613.jpg,2736,3648,น็อตตัวผู้หกเหลี่ยม,1028,1274,1742,2281
IMG_20190928_135614.jpg,3648,2736,น็อตตัวผู้หกเหลี่ยม,1315,1038,2221,1479
IMG_20190928_135614_1.jpg,3648,2736,น็อตตัวผู้หกเหลี่ยม,1074,1097,1950,1608
IMG_20190928_135617.jpg,3648,2736,น็อตตัวผู้หกเหลี่ยม,2215,1161,2956,1585
IMG_20190928_135622.jpg,3648,2736,น็อตตัวผู้หกเหลี่ยม,1503,1020,2486,1573
IMG_20190928_135756.jpg,3648,2736,คอมเพรสเซอร์แอร์,409,385,2792,2191
IMG_20190928_135756_1.jpg,3648,2736,คอมเพรสเซอร์แอร์,380,367,2845,2155
IMG_20190928_135757.jpg,3648,2736,คอมเพรสเซอร์แอร์,409,532,2956,2391
IMG_20190928_135757_1.jpg,3648,2736,คอมเพรสเซอร์แอร์,339,508,2833,2261
IMG_20190928_135758.jpg,3648,2736,คอมเพรสเซอร์แอร์,350,761,2780,2526
IMG_20190928_135758_1.jpg,3648,2736,คอมเพรสเซอร์แอร์,745,208,2986,2008
IMG_20190928_135759.jpg,3648,2736,คอมเพรสเซอร์แอร์,1050,326,3339,2149
IMG_20190928_135802.jpg,3648,2736,คอมเพรสเซอร์แอร์,945,549,3398,2355
IMG_20190928_135802_1.jpg,3648,2736,คอมเพรสเซอร์แอร์,1039,367,3468,2197
IMG_20190928_135806.jpg,2736,3648,คอมเพรสเซอร์แอร์,178,331,2221,2331
IMG_20190928_135834.jpg,2736,3648,คอมเพรสเซอร์แอร์,385,559,2464,2667
IMG_20190928_135834_1.jpg,2736,3648,คอมเพรสเซอร์แอร์,314,581,2414,2852
IMG_20190928_135835.jpg,2736,3648,คอมเพรสเซอร์แอร์,192,445,2314,2752
IMG_20190928_135835_1.jpg,2736,3648,คอมเพรสเซอร์แอร์,135,538,2328,2752
IMG_20190928_135836.jpg,2736,3648,คอมเพรสเซอร์แอร์,257,645,2400,2874
IMG_20190928_135836_1.jpg,2736,3648,คอมเพรสเซอร์แอร์,250,567,2578,2924
IMG_20190928_135837.jpg,2736,3648,คอมเพรสเซอร์แอร์,278,738,2736,3139
IMG_20190928_135837_1.jpg,2736,3648,คอมเพรสเซอร์แอร์,535,795,2736,3191
IMG_20190928_135838.jpg,2736,3648,คอมเพรสเซอร์แอร์,642,1124,2736,3182
IMG_20190928_135839.jpg,2736,3648,คอมเพรสเซอร์แอร์,728,1074,2678,2981
IMG_20190928_135849.jpg,3648,2736,คอมเพรสเซอร์แอร์,968,73,3350,2308
IMG_20190928_135849_1.jpg,3648,2736,คอมเพรสเซอร์แอร์,968,438,3333,2273
IMG_20190928_135850.jpg,3648,2736,คอมเพรสเซอร์แอร์,992,438,3150,2255
IMG_20190928_135850_1.jpg,2736,3648,คอมเพรสเซอร์แอร์,335,574,2485,2588
IMG_20190928_135851.jpg,2736,3648,คอมเพรสเซอร์แอร์,371,524,2364,2524
IMG_20190928_135851_1.jpg,2736,3648,คอมเพรสเซอร์แอร์,235,467,2442,2617
IMG_20190928_135852.jpg,2736,3648,คอมเพรสเซอร์แอร์,350,731,2250,2659
IMG_20190928_135852_1.jpg,2736,3648,คอมเพรสเซอร์แอร์,400,731,2135,2645
IMG_20190928_135853.jpg,2736,3648,คอมเพรสเซอร์แอร์,421,802,2128,2774
IMG_20190928_135854.jpg,2736,3648,คอมเพรสเซอร์แอร์,271,702,2235,2702
IMG_20190928_135905.jpg,2736,3648,คอมเพรสเซอร์แอร์,207,838,2450,2795
IMG_20190928_135906.jpg,2736,3648,คอมเพรสเซอร์แอร์,221,788,2378,2852
IMG_20190928_135906_1.jpg,2736,3648,คอมเพรสเซอร์แอร์,64,824,2435,2902
IMG_20190928_135906_2.jpg,2736,3648,คอมเพรสเซอร์แอร์,214,674,2635,3124
IMG_20190928_135907.jpg,2736,3648,คอมเพรสเซอร์แอร์,228,674,2450,2802
IMG_20190928_135907_1.jpg,2736,3648,คอมเพรสเซอร์แอร์,321,588,2485,2952
IMG_20190928_135908.jpg,2736,3648,คอมเพรสเซอร์แอร์,214,638,2335,2909
IMG_20190928_135908_1.jpg,2736,3648,คอมเพรสเซอร์แอร์,164,602,2235,3031
IMG_20190928_135908_2.jpg,2736,3648,คอมเพรสเซอร์แอร์,321,809,2450,3195
IMG_20190928_135909.jpg,2736,3648,คอมเพรสเซอร์แอร์,292,881,2357,3052
IMG_20190928_135924.jpg,2736,3648,คอมเพรสเซอร์แอร์,257,867,2457,2602
IMG_20190928_135924_1.jpg,2736,3648,คอมเพรสเซอร์แอร์,421,759,2442,2652
IMG_20190928_135924_2.jpg,2736,3648,คอมเพรสเซอร์แอร์,464,767,2564,2659
IMG_20190928_135925.jpg,2736,3648,คอมเพรสเซอร์แอร์,492,745,2392,2509
IMG_20190928_135925_1.jpg,2736,3648,คอมเพรสเซอร์แอร์,392,902,2392,2574
IMG_20190928_135926.jpg,2736,3648,คอมเพรสเซอร์แอร์,485,895,2564,2788
IMG_20190928_135926_1.jpg,2736,3648,คอมเพรสเซอร์แอร์,471,759,2242,2967
IMG_20190928_135926_2.jpg,2736,3648,คอมเพรสเซอร์แอร์,514,945,2192,2681
IMG_20190928_135927.jpg,2736,3648,คอมเพรสเซอร์แอร์,671,838,2592,2945
IMG_20190928_135928.jpg,2736,3648,คอมเพรสเซอร์แอร์,485,859,2300,3009
IMG_20190928_135935.jpg,2736,3648,คอมเพรสเซอร์แอร์,407,667,2457,2645
IMG_20190928_135936.jpg,2736,3648,คอมเพรสเซอร์แอร์,478,788,2278,2731
IMG_20190928_135936_1.jpg,2736,3648,คอมเพรสเซอร์แอร์,442,695,2400,2688
IMG_20190928_135936_2.jpg,2736,3648,คอมเพรสเซอร์แอร์,678,731,2328,2717
IMG_20190928_135937.jpg,2736,3648,คอมเพรสเซอร์แอร์,457,331,2328,2831
IMG_20190928_135937_1.jpg,2736,3648,คอมเพรสเซอร์แอร์,1,1182,1992,2945
IMG_20190928_135938.jpg,2736,3648,คอมเพรสเซอร์แอร์,414,1067,2200,2824
IMG_20190928_135938_1.jpg,2736,3648,คอมเพรสเซอร์แอร์,250,1045,2307,2788
IMG_20190928_135939.jpg,2736,3648,คอมเพรสเซอร์แอร์,464,1024,2271,2667
IMG_20190928_135939_1.jpg,2736,3648,คอมเพรสเซอร์แอร์,528,952,2421,2867
IMG_20190928_135956.jpg,2736,3648,คอมเพรสเซอร์แอร์,478,481,2542,2652
IMG_20190928_135956_1.jpg,2736,3648,คอมเพรสเซอร์แอร์,421,488,2642,3031
IMG_20190928_135956_2.jpg,2736,3648,คอมเพรสเซอร์แอร์,278,395,2414,2759
IMG_20190928_135957.jpg,2736,3648,คอมเพรสเซอร์แอร์,321,395,2507,2702
IMG_20190928_135957_1.jpg,2736,3648,คอมเพรสเซอร์แอร์,321,602,2335,2824
IMG_20190928_135958.jpg,2736,3648,คอมเพรสเซอร์แอร์,350,824,2221,2967
IMG_20190928_135958_1.jpg,2736,3648,คอมเพรสเซอร์แอร์,514,552,2678,2895
IMG_20190928_135958_2.jpg,2736,3648,คอมเพรสเซอร์แอร์,700,574,2592,2938
IMG_20190928_135959.jpg,2736,3648,คอมเพรสเซอร์แอร์,750,438,2614,2838
IMG_20190928_135959_1.jpg,2736,3648,คอมเพรสเซอร์แอร์,600,681,2485,2852
IMG_20190928_140011.jpg,2736,3648,คอมเพรสเซอร์แอร์,700,817,2628,3145
IMG_20190928_140011_1.jpg,2736,3648,คอมเพรสเซอร์แอร์,350,488,2621,3131
